<?xml version="1.0" encoding="UTF-8"?>
<con:soapui-project id="ac21067b-ee7a-4fc2-bc57-517471505d88" activeEnvironment="Default" name="RestTutorial_Snippet" resourceRoot="${projectDir}" soapui-version="5.5.0" abortOnError="false" runType="SEQUENTIAL" xmlns:con="http://eviware.com/soapui/config"><con:settings><con:setting id="com.eviware.soapui.impl.wsdl.actions.iface.tools.soapui.TestRunnerAction@values-local"><![CDATA[<xml-fragment xmlns:con="http://eviware.com/soapui/config">
  <con:entry key="Report Format(s)" value=""/>
  <con:entry key="Host:Port" value=""/>
  <con:entry key="Export JUnit Results" value="false"/>
  <con:entry key="Export All" value="false"/>
  <con:entry key="Save After" value="false"/>
  <con:entry key="Add Settings" value="false"/>
  <con:entry key="WSS Password Type" value=""/>
  <con:entry key="TestSuite" value="&lt;all>"/>
  <con:entry key="Endpoint" value=""/>
  <con:entry key="Select Report Type" value=""/>
  <con:entry key="System Properties" value=""/>
  <con:entry key="Password" value=""/>
  <con:entry key="Print Report" value="false"/>
  <con:entry key="Open Report" value="false"/>
  <con:entry key="Export JUnit Results with test properties" value="false"/>
  <con:entry key="Global Properties" value=""/>
  <con:entry key="Project Properties" value=""/>
  <con:entry key="Project Password" value=""/>
  <con:entry key="TestCase" value="&lt;all>"/>
  <con:entry key="Username" value=""/>
  <con:entry key="user-settings.xml Password" value=""/>
  <con:entry key="TestRunner Path" value=""/>
  <con:entry key="Environment" value="Default"/>
  <con:entry key="Coverage Report" value="false"/>
  <con:entry key="Enable UI" value="false"/>
  <con:entry key="Root Folder" value=""/>
  <con:entry key="Ignore Errors" value="false"/>
  <con:entry key="Domain" value=""/>
  <con:entry key="Tool Args" value=""/>
  <con:entry key="Save Project" value="true"/>
</xml-fragment>]]></con:setting></con:settings><con:interface xsi:type="con:RestService" id="de70c881-8067-405b-97ac-ca58fde9b4ea" wadlVersion="http://wadl.dev.java.net/2009/02" name="http://127.0.0.1:8000" type="rest" xmlns:xsi="http://www.w3.org/2001/XMLSchema-instance"><con:settings/><con:definitionCache type="TEXT" rootPart=""/><con:endpoints><con:endpoint>/snippets/{snippetId}/</con:endpoint><con:endpoint>http://127.0.0.1:8000</con:endpoint></con:endpoints><con:resource name="3" path="/snippets/{snippetId}/" id="42ec16d5-d235-4db8-83ee-3203ca0e53b5"><con:settings/><con:parameters><con:parameter><con:name>snippetId</con:name><con:style>TEMPLATE</con:style></con:parameter></con:parameters><con:method name="3 1" id="003e1f23-5bde-401b-b338-cbf48b8d9c40" method="GET"><con:settings/><con:parameters/><con:representation type="RESPONSE"><con:mediaType>application/json</con:mediaType><con:status>200</con:status><con:params/><con:element xmlns:ns="http://127.0.0.1/snippets/3/">ns:Response</con:element></con:representation><con:representation type="FAULT"><con:mediaType>text/html</con:mediaType><con:status>404</con:status><con:params/><con:element>html</con:element></con:representation><con:representation type="FAULT"><con:mediaType>application/json</con:mediaType><con:status>404 403</con:status><con:params/><con:element xmlns:ns="http://127.0.0.1/snippets/3/">ns:Fault</con:element></con:representation><con:representation type="REQUEST"><con:mediaType>application/json</con:mediaType><con:params/></con:representation><con:representation type="RESPONSE"><con:mediaType xsi:nil="true"/><con:status>204</con:status><con:params/><con:element>data</con:element></con:representation><con:representation type="RESPONSE"><con:mediaType xsi:nil="true"/><con:status>204</con:status><con:params/><con:element>data</con:element></con:representation><con:request name="Request 1" id="713c3ad4-4d18-4353-857a-2599676792dd" mediaType="application/json"><con:settings><con:setting id="com.eviware.soapui.impl.wsdl.WsdlRequest@request-headers">&lt;xml-fragment/></con:setting></con:settings><con:endpoint>http://127.0.0.1:8000</con:endpoint><con:request/><con:originalUri>http://127.0.0.1/snippets/3/</con:originalUri><con:credentials><con:authType>No Authorization</con:authType></con:credentials><con:jmsConfig JMSDeliveryMode="PERSISTENT"/><con:jmsPropertyConfig/><con:parameters><entry key="snippetId" value="7" xmlns="http://eviware.com/soapui/config"/></con:parameters><con:parameterOrder><con:entry>snippetId</con:entry></con:parameterOrder></con:request></con:method></con:resource><con:resource name="UpdateSnippetPUT" path="/snippets/{snippetId}/" id="42ec16d5-d235-4db8-83ee-3203ca0e53b5"><con:settings/><con:parameters><con:parameter><con:name>snippetId</con:name><con:style>TEMPLATE</con:style></con:parameter></con:parameters><con:method name="3 1" id="003e1f23-5bde-401b-b338-cbf48b8d9c40" method="PUT"><con:settings/><con:parameters/><con:representation type="RESPONSE"><con:mediaType>application/json</con:mediaType><con:status>200</con:status><con:params/><con:element xmlns:ns="http://127.0.0.1/snippets/3/">ns:Response</con:element></con:representation><con:representation type="FAULT"><con:mediaType>text/html</con:mediaType><con:status>404</con:status><con:params/><con:element>html</con:element></con:representation><con:representation type="FAULT"><con:mediaType>application/json</con:mediaType><con:status>404 403 400</con:status><con:params/><con:element xmlns:ns="http://127.0.0.1/snippets/3/">ns:Fault</con:element></con:representation><con:representation type="REQUEST"><con:mediaType>application/json</con:mediaType><con:params/></con:representation><con:request name="Request 1" id="713c3ad4-4d18-4353-857a-2599676792dd" mediaType="application/json" postQueryString="false"><con:settings><con:setting id="com.eviware.soapui.impl.wsdl.WsdlRequest@request-headers">&lt;xml-fragment/></con:setting></con:settings><con:endpoint>http://127.0.0.1:8000</con:endpoint><con:request>{
	"title": "SnippetUpdatedWithPUTRequest", 
	"code": "bus.id=7"
}</con:request><con:originalUri>http://127.0.0.1/snippets/3/</con:originalUri><con:credentials><con:username>app_user1</con:username><con:password>app_user1</con:password><con:selectedAuthProfile>Basic</con:selectedAuthProfile><con:addedBasicAuthenticationTypes>Basic</con:addedBasicAuthenticationTypes><con:preemptive>true</con:preemptive><con:authType>Preemptive</con:authType></con:credentials><con:jmsConfig JMSDeliveryMode="PERSISTENT"/><con:jmsPropertyConfig/><con:parameters><entry key="snippetId" value="58" xmlns="http://eviware.com/soapui/config"/></con:parameters><con:parameterOrder><con:entry>snippetId</con:entry></con:parameterOrder></con:request></con:method></con:resource><con:resource name="DeleteSnippetWithQueryTemplate" path="/snippets/{snippetId}/" id="42ec16d5-d235-4db8-83ee-3203ca0e53b5"><con:settings/><con:parameters><con:parameter><con:name>snippetId</con:name><con:style>TEMPLATE</con:style></con:parameter></con:parameters><con:method name="3 1" id="003e1f23-5bde-401b-b338-cbf48b8d9c40" method="DELETE"><con:settings/><con:parameters/><con:representation type="RESPONSE"><con:mediaType>application/json</con:mediaType><con:status>200</con:status><con:params/><con:element xmlns:ns="http://127.0.0.1/snippets/3/">ns:Response</con:element></con:representation><con:representation type="FAULT"><con:mediaType>text/html</con:mediaType><con:status>404</con:status><con:params/><con:element>html</con:element></con:representation><con:representation type="FAULT"><con:mediaType>application/json</con:mediaType><con:status>404 403 400</con:status><con:params/><con:element xmlns:ns="http://127.0.0.1/snippets/3/">ns:Fault</con:element></con:representation><con:representation type="REQUEST"><con:mediaType>application/json</con:mediaType><con:params/></con:representation><con:representation type="RESPONSE"><con:mediaType xsi:nil="true"/><con:status>204</con:status><con:params/><con:element>data</con:element></con:representation><con:representation type="RESPONSE"><con:mediaType xsi:nil="true"/><con:status>204</con:status><con:params/><con:element>data</con:element></con:representation><con:request name="DeleteSnippet" id="713c3ad4-4d18-4353-857a-2599676792dd" mediaType="application/json" postQueryString="false"><con:settings><con:setting id="com.eviware.soapui.impl.wsdl.WsdlRequest@request-headers">&lt;xml-fragment/></con:setting></con:settings><con:endpoint>http://127.0.0.1:8000</con:endpoint><con:request/><con:originalUri>http://127.0.0.1/snippets/3/</con:originalUri><con:credentials><con:username>app_user2</con:username><con:password>app_user2</con:password><con:selectedAuthProfile>Basic</con:selectedAuthProfile><con:addedBasicAuthenticationTypes>Basic</con:addedBasicAuthenticationTypes><con:preemptive>true</con:preemptive><con:authType>Preemptive</con:authType></con:credentials><con:jmsConfig JMSDeliveryMode="PERSISTENT"/><con:jmsPropertyConfig/><con:parameters><entry key="snippetId" value="42" xmlns="http://eviware.com/soapui/config"/></con:parameters><con:parameterOrder><con:entry>snippetId</con:entry></con:parameterOrder></con:request></con:method></con:resource></con:interface><con:interface xsi:type="con:RestService" id="1d72d50b-1e10-4960-933c-38dea71f32df" wadlVersion="http://wadl.dev.java.net/2009/02" name="http://127.0.0.1:8000" type="rest" xmlns:xsi="http://www.w3.org/2001/XMLSchema-instance"><con:settings/><con:definitionCache type="TEXT" rootPart=""/><con:endpoints><con:endpoint>http://127.0.0.1:8000</con:endpoint></con:endpoints><con:resource name="Snippets" path="/snippets/" id="553fad99-08a2-46a8-a3ec-3a0ba9466778"><con:settings/><con:parameters/><con:method name="Snippets 1" id="616ecbc7-ffb0-49a1-bb5f-2f4c79b09419" method="GET"><con:settings/><con:parameters/><con:representation type="RESPONSE"><con:mediaType>application/json</con:mediaType><con:status>200</con:status><con:params/><con:element xmlns:snip="http://127.0.0.1/snippets/">snip:Response</con:element></con:representation><con:request name="Request 1" id="4eb8224e-4365-407f-8a2b-d0669e157685" mediaType="application/json"><con:settings><con:setting id="com.eviware.soapui.impl.wsdl.WsdlRequest@request-headers">&lt;xml-fragment/></con:setting></con:settings><con:endpoint>http://127.0.0.1:8000</con:endpoint><con:request/><con:originalUri>http://127.0.0.1/snippets/</con:originalUri><con:credentials><con:authType>No Authorization</con:authType></con:credentials><con:jmsConfig JMSDeliveryMode="PERSISTENT"/><con:jmsPropertyConfig/><con:parameters/></con:request></con:method></con:resource></con:interface><con:interface xsi:type="con:RestService" id="381bf39d-7fe9-4c32-a761-5272228175c6" wadlVersion="http://wadl.dev.java.net/2009/02" name="http://127.0.0.1:8000" type="rest" xmlns:xsi="http://www.w3.org/2001/XMLSchema-instance"><con:settings/><con:definitionCache type="TEXT" rootPart=""/><con:endpoints><con:endpoint>http://127.0.0.1:8000</con:endpoint></con:endpoints><con:resource name="4" path="/snippets/" id="3789f4e7-043f-4be4-bfc2-79489bcef279"><con:settings/><con:parameters/><con:method name="4 1" id="aaecf4df-191e-4f78-a736-00063fd2f018" method="POST"><con:settings/><con:parameters/><con:representation type="REQUEST"><con:mediaType>application/json</con:mediaType><con:params/></con:representation><con:representation type="FAULT"><con:mediaType>application/json</con:mediaType><con:status>405 403 406</con:status><con:params/><con:element xmlns:ns="http://127.0.0.1/">ns:Fault</con:element></con:representation><con:representation type="REQUEST"><con:mediaType>application/x-www-form-urlencoded</con:mediaType><con:params/></con:representation><con:representation type="FAULT"><con:mediaType>text/html</con:mediaType><con:status>500</con:status><con:params/><con:element>html</con:element></con:representation><con:representation type="REQUEST"><con:mediaType>application/jason</con:mediaType><con:params/></con:representation><con:representation type="REQUEST"><con:mediaType>application/atom+xml</con:mediaType><con:params/></con:representation><con:representation type="RESPONSE"><con:mediaType xsi:nil="true"/><con:status>0</con:status><con:params/><con:element>data</con:element></con:representation><con:representation type="RESPONSE"><con:mediaType xsi:nil="true"/><con:status>0</con:status><con:params/><con:element>data</con:element></con:representation><con:representation type="RESPONSE"><con:mediaType xsi:nil="true"/><con:status>0</con:status><con:params/><con:element>data</con:element></con:representation><con:representation type="RESPONSE"><con:mediaType>application/json</con:mediaType><con:status>201</con:status><con:params/><con:element xmlns:ns="http://127.0.0.1/">ns:Response</con:element></con:representation><con:request name="Request 1" id="5b63a705-c260-4f1c-a34c-745464f1aa0c" mediaType="application/json" postQueryString="false"><con:settings><con:setting id="com.eviware.soapui.impl.wsdl.WsdlRequest@request-headers">&lt;xml-fragment/></con:setting></con:settings><con:endpoint>http://127.0.0.1:8000</con:endpoint><con:request>{
    "title": "TestSnippetForCreate",
    "code": "Snippet snippet=new Snippet()",
    "linenos": false,
    "language": "java",
    "style": "friendly"
}</con:request><con:originalUri>http://127.0.0.1/</con:originalUri><con:credentials><con:username>app_user1</con:username><con:password>app_user1</con:password><con:selectedAuthProfile>Basic</con:selectedAuthProfile><con:addedBasicAuthenticationTypes>Basic</con:addedBasicAuthenticationTypes><con:authType>Global HTTP Settings</con:authType></con:credentials><con:jmsConfig JMSDeliveryMode="PERSISTENT"/><con:jmsPropertyConfig/><con:parameters/><con:parameterOrder><con:entry/></con:parameterOrder></con:request></con:method></con:resource></con:interface><con:interface xsi:type="con:RestService" id="0cb36e5b-221e-4c09-a40c-9ca4a744003b" wadlVersion="http://wadl.dev.java.net/2009/02" name="http://127.0.0.1:8000" type="rest" xmlns:xsi="http://www.w3.org/2001/XMLSchema-instance"><con:settings/><con:definitionCache type="TEXT" rootPart=""/><con:endpoints><con:endpoint>http://127.0.0.1:8000</con:endpoint></con:endpoints><con:resource name="SnippetPatchWithQueryTemplate" path="/snippets/{snippetId}/" id="e09d02c0-3556-4a62-a49a-a3c2654529c2"><con:settings/><con:parameters><con:parameter><con:name>snippetId</con:name><con:style>TEMPLATE</con:style></con:parameter></con:parameters><con:method name="Snippets 1" id="b95a7a61-77b8-4480-948c-9d2f1b70f005" method="PATCH"><con:settings/><con:parameters/><con:representation type="REQUEST"><con:mediaType>application/json</con:mediaType><con:params/></con:representation><con:representation type="FAULT"><con:mediaType>application/json</con:mediaType><con:status>405 403</con:status><con:params/><con:element xmlns:snip="http://127.0.0.1/snippets/">snip:Fault</con:element></con:representation><con:representation type="FAULT"><con:mediaType>text/html</con:mediaType><con:status>404</con:status><con:params/><con:element>html</con:element></con:representation><con:representation type="RESPONSE"><con:mediaType>application/json</con:mediaType><con:status>200</con:status><con:params/><con:element xmlns:snip="http://127.0.0.1/snippets/">snip:Response</con:element></con:representation><con:request name="SnippetPatch" id="5873b2ad-4313-4951-9ea7-509f440c5a14" mediaType="application/json" postQueryString="false"><con:settings><con:setting id="com.eviware.soapui.impl.wsdl.WsdlRequest@request-headers">&lt;xml-fragment/></con:setting></con:settings><con:endpoint>http://127.0.0.1:8000</con:endpoint><con:request>{
	"title": "Snippet7UpdatedWithPUTRequest"
}</con:request><con:originalUri>http://127.0.0.1/snippets/</con:originalUri><con:credentials><con:username>app_user2</con:username><con:password>app_user2</con:password><con:selectedAuthProfile>Basic</con:selectedAuthProfile><con:addedBasicAuthenticationTypes>Basic</con:addedBasicAuthenticationTypes><con:preemptive>true</con:preemptive><con:authType>Preemptive</con:authType></con:credentials><con:jmsConfig JMSDeliveryMode="PERSISTENT"/><con:jmsPropertyConfig/><con:parameters/><con:parameterOrder><con:entry>snippetId</con:entry></con:parameterOrder></con:request></con:method></con:resource></con:interface><con:testSuite id="16eaff7c-ba91-4766-9982-63493ebd056d" name="Snippet"><con:settings/><con:runType>SEQUENTIAL</con:runType><con:testCase id="5c9922ad-545b-4adf-a36b-a05b77616734" failOnError="true" failTestCaseOnErrors="true" keepSession="true" maxResults="0" name="CreateSnippet" searchProperties="true" timeout="0" wsrmEnabled="false" wsrmVersion="1.0" wsrmAckTo="" amfAuthorisation="false" amfEndpoint="" amfLogin="" amfPassword=""><con:description>CreatesNewSnippet</con:description><con:settings/><con:testStep type="restrequest" name="GetSnippets" id="c0965a56-27fc-432a-a59f-cae77776ea0b"><con:settings/><con:config service="http://127.0.0.1:8000" methodName="Snippets 1" resourcePath="/snippets/" xsi:type="con:RestRequestStep" xmlns:xsi="http://www.w3.org/2001/XMLSchema-instance"><con:restRequest name="GetSnippets" id="ec3a6c3b-fbcd-4cf6-8380-be8082aa141c" mediaType="application/json"><con:settings><con:setting id="com.eviware.soapui.impl.wsdl.WsdlRequest@request-headers">&lt;xml-fragment/></con:setting></con:settings><con:encoding>UTF-8</con:encoding><con:endpoint>http://127.0.0.1:8000</con:endpoint><con:request/><con:originalUri>http://127.0.0.1/snippets/</con:originalUri><con:assertion type="JsonPath Count" id="60571a8e-0d47-4550-b344-927af02e9d45" name="JsonPath Count"><con:configuration><path>$.results</path><content>10</content><allowWildcards>false</allowWildcards><ignoreNamspaceDifferences>false</ignoreNamspaceDifferences><ignoreComments>false</ignoreComments></con:configuration></con:assertion><con:credentials><con:authType>No Authorization</con:authType></con:credentials><con:jmsConfig JMSDeliveryMode="PERSISTENT"/><con:jmsPropertyConfig/><con:parameters/></con:restRequest></con:config></con:testStep><con:testStep type="groovy" name="SaveSnippetCountBeforeCreate" id="6062d265-563f-4b17-94bc-b22c183cc66c"><con:settings/><con:config><script>assert context.response, 'Response is empty or null'
def json = new groovy.json.JsonSlurper().parseText(context.response)
//Change the property name as needed
log.info json.count
//context.TestCase.setPropertyValue(snippetCount, json.count)
testRunner.testCase.setPropertyValue("snippetCountBeforeCreate", json.count as String)</script></con:config></con:testStep><con:testStep type="restrequest" name="CreateSnippet" id="f70eed77-4724-41a6-ae28-9ee6d34581bb"><con:settings/><con:config service="http://127.0.0.1:8000" resourcePath="/snippets/" methodName="4 1" xsi:type="con:RestRequestStep" xmlns:xsi="http://www.w3.org/2001/XMLSchema-instance"><con:restRequest name="CreateSnippet" id="5b63a705-c260-4f1c-a34c-745464f1aa0c" mediaType="application/json" postQueryString="false"><con:settings><con:setting id="com.eviware.soapui.impl.wsdl.WsdlRequest@request-headers">&lt;xml-fragment/></con:setting></con:settings><con:endpoint>http://127.0.0.1:8000</con:endpoint><con:request>{
    "title": "TestSnippetForCreate",
    "code": "Snippet snippet=new Snippet()",
    "linenos": false,
    "language": "java",
    "style": "friendly"
}</con:request><con:originalUri>http://127.0.0.1/</con:originalUri><con:assertion type="Valid HTTP Status Codes" id="7414155f-3233-4437-85cb-c7bbcd834912" name="Valid HTTP Status Codes"><con:configuration><codes>201</codes></con:configuration></con:assertion><con:credentials><con:username>app_user1</con:username><con:password>app_user1</con:password><con:selectedAuthProfile>Basic</con:selectedAuthProfile><con:addedBasicAuthenticationTypes>Basic</con:addedBasicAuthenticationTypes><con:preemptive>true</con:preemptive><con:authType>Preemptive</con:authType></con:credentials><con:jmsConfig JMSDeliveryMode="PERSISTENT"/><con:jmsPropertyConfig/><con:parameters/><con:parameterOrder><con:entry/></con:parameterOrder></con:restRequest></con:config></con:testStep><con:testStep type="transfer" name="TransferCreatedSnippedId" id="f09f0f41-e8e0-479b-b903-7160a9006c20"><con:settings/><con:config xsi:type="con:PropertyTransfersStep" xmlns:xsi="http://www.w3.org/2001/XMLSchema-instance"><con:transfers setNullOnMissingSource="true" transferTextContent="true" failOnError="true" ignoreEmpty="false" transferToAll="false" entitize="false" transferChildNodes="false"><con:name>snippetId</con:name><con:sourceType>Response</con:sourceType><con:sourceStep>CreateSnippet</con:sourceStep><con:sourcePath>$.id</con:sourcePath><con:targetType>snippetId</con:targetType><con:targetStep>GetSnippetByIdParameterized</con:targetStep><con:type>JSONPATH</con:type><con:targetTransferType>JSONPATH</con:targetTransferType><con:upgraded>true</con:upgraded></con:transfers></con:config></con:testStep><con:testStep type="restrequest" name="GetSnippetsAfterCreate" id="589c7e19-4f59-4521-891b-b318852a3015"><con:settings/><con:config service="http://127.0.0.1:8000" methodName="Snippets 1" resourcePath="/snippets/" xsi:type="con:RestRequestStep" xmlns:xsi="http://www.w3.org/2001/XMLSchema-instance"><con:restRequest name="GetSnippetsAfterCreate" id="ec3a6c3b-fbcd-4cf6-8380-be8082aa141c" mediaType="application/json"><con:settings><con:setting id="com.eviware.soapui.impl.wsdl.WsdlRequest@request-headers">&lt;xml-fragment/></con:setting></con:settings><con:encoding>UTF-8</con:encoding><con:endpoint>http://127.0.0.1:8000</con:endpoint><con:request/><con:originalUri>http://127.0.0.1/snippets/</con:originalUri><con:assertion type="JsonPath Count" id="60571a8e-0d47-4550-b344-927af02e9d45" name="JsonPath Count"><con:configuration><path>$.results</path><content>10</content><allowWildcards>false</allowWildcards><ignoreNamspaceDifferences>false</ignoreNamspaceDifferences><ignoreComments>false</ignoreComments></con:configuration></con:assertion><con:credentials><con:authType>No Authorization</con:authType></con:credentials><con:jmsConfig JMSDeliveryMode="PERSISTENT"/><con:jmsPropertyConfig/><con:parameters/></con:restRequest></con:config></con:testStep><con:testStep type="groovy" name="SaveSnippetCountAfterCreate" id="5e4dd3f5-0ee2-4aa0-9826-f6fc215681ad"><con:settings/><con:config><script>assert context.response, 'Response is empty or null'
def json = new groovy.json.JsonSlurper().parseText(context.response)
//Change the property name as needed
log.info json.count
//context.TestCase.setPropertyValue(snippetCount, json.count)
testRunner.testCase.setPropertyValue("snippetCountAfterCreate", json.count as String)</script></con:config></con:testStep><con:testStep type="restrequest" name="GetSnippetByIdParameterized" id="2d427ea7-16b5-4fec-b8a3-e84093ce482b"><con:settings/><con:config service="http://127.0.0.1:8000" resourcePath="/snippets/{snippetId}/" methodName="3 1" xsi:type="con:RestRequestStep" xmlns:xsi="http://www.w3.org/2001/XMLSchema-instance"><con:restRequest name="GetSnippetByIdParameterized" id="713c3ad4-4d18-4353-857a-2599676792dd" mediaType="application/json"><con:settings><con:setting id="com.eviware.soapui.impl.wsdl.WsdlRequest@request-headers">&lt;xml-fragment/></con:setting></con:settings><con:endpoint>http://127.0.0.1:8000</con:endpoint><con:request/><con:originalUri>http://127.0.0.1/snippets/3/</con:originalUri><con:assertion type="Valid HTTP Status Codes" id="b170da92-3017-4295-a1e0-a532496a1bcf" name="Valid HTTP Status Codes"><con:configuration><codes>200</codes></con:configuration></con:assertion><con:assertion type="JsonPath Match" id="5bcf3c78-725a-4571-818b-4d5b43bae40e" name="JsonPath Match"><con:configuration><path>id</path><content>${snippetId}</content><allowWildcards>false</allowWildcards><ignoreNamspaceDifferences>false</ignoreNamspaceDifferences><ignoreComments>false</ignoreComments></con:configuration></con:assertion><con:credentials><con:authType>No Authorization</con:authType></con:credentials><con:jmsConfig JMSDeliveryMode="PERSISTENT"/><con:jmsPropertyConfig/><con:parameters><entry key="snippetId" value="61" xmlns="http://eviware.com/soapui/config"/></con:parameters><con:parameterOrder><con:entry>snippetId</con:entry></con:parameterOrder></con:restRequest></con:config></con:testStep><con:testStep type="transfer" name="TransferCreatedSnippedIdToUpdatePUTFailure" id="fa2a6f65-dd56-4371-af8b-e41e82498b21"><con:settings/><con:config xsi:type="con:PropertyTransfersStep" xmlns:xsi="http://www.w3.org/2001/XMLSchema-instance"><con:transfers setNullOnMissingSource="true" transferTextContent="true" failOnError="true" ignoreEmpty="false" transferToAll="false" entitize="false" transferChildNodes="false"><con:name>snippetId</con:name><con:sourceType>Response</con:sourceType><con:sourceStep>GetSnippetByIdParameterized</con:sourceStep><con:sourcePath>$.id</con:sourcePath><con:targetType>snippetId</con:targetType><con:targetStep>UpdateCreatedSnippetPUTAuthFailure</con:targetStep><con:type>JSONPATH</con:type><con:targetTransferType>JSONPATH</con:targetTransferType><con:upgraded>true</con:upgraded></con:transfers></con:config></con:testStep><con:testStep type="restrequest" name="UpdateCreatedSnippetPUTAuthFailure" id="8c11f9fe-005e-45d5-8aae-61687c08ae83"><con:settings/><con:config service="http://127.0.0.1:8000" resourcePath="/snippets/{snippetId}/" methodName="3 1" xsi:type="con:RestRequestStep" xmlns:xsi="http://www.w3.org/2001/XMLSchema-instance"><con:restRequest name="UpdateCreatedSnippetPUTAuthFailure" id="713c3ad4-4d18-4353-857a-2599676792dd" mediaType="application/json" postQueryString="false"><con:settings><con:setting id="com.eviware.soapui.impl.wsdl.WsdlRequest@request-headers">&lt;xml-fragment/></con:setting></con:settings><con:endpoint>http://127.0.0.1:8000</con:endpoint><con:request>{
	"title": "SnippetUpdatedWithPUTRequest", 
	"code": "bus.id=7"
}</con:request><con:originalUri>http://127.0.0.1/snippets/3/</con:originalUri><con:assertion type="Valid HTTP Status Codes" id="44322c11-aa05-4090-8e33-d3ad7036d02a" name="Valid HTTP Status Codes"><con:configuration><codes>403</codes></con:configuration></con:assertion><con:credentials><con:username>app_user2</con:username><con:password>app_user2</con:password><con:selectedAuthProfile>Basic</con:selectedAuthProfile><con:addedBasicAuthenticationTypes>Basic</con:addedBasicAuthenticationTypes><con:preemptive>true</con:preemptive><con:authType>Preemptive</con:authType></con:credentials><con:jmsConfig JMSDeliveryMode="PERSISTENT"/><con:jmsPropertyConfig/><con:parameters>
  <con:entry key="password" value="app_user2"/>
  <con:entry key="snippetId" value="61"/>
  <con:entry key="username" value="app_user2"/>
</con:parameters><con:parameterOrder><con:entry>snippetId</con:entry><con:entry>username</con:entry><con:entry>password</con:entry></con:parameterOrder></con:restRequest></con:config></con:testStep><con:testStep type="transfer" name="TransferCreatedSnippedIdToUpdatePUTSuccess" id="0e9583ed-7c80-46b4-8f13-ee8ac904d817"><con:settings/><con:config xsi:type="con:PropertyTransfersStep" xmlns:xsi="http://www.w3.org/2001/XMLSchema-instance"><con:transfers setNullOnMissingSource="true" transferTextContent="true" failOnError="true" ignoreEmpty="false" transferToAll="false" entitize="false" transferChildNodes="false"><con:name>snippetId</con:name><con:sourceType>Response</con:sourceType><con:sourceStep>GetSnippetByIdParameterized</con:sourceStep><con:sourcePath>$.id</con:sourcePath><con:targetType>snippetId</con:targetType><con:targetStep>UpdateCreatedSnippetPUTAuthSuccess</con:targetStep><con:type>JSONPATH</con:type><con:targetTransferType>JSONPATH</con:targetTransferType><con:upgraded>true</con:upgraded></con:transfers></con:config></con:testStep><con:testStep type="restrequest" name="UpdateCreatedSnippetPUTAuthSuccess" id="493e4033-8d3e-4cfa-b710-f025a93e65f7"><con:settings/><con:config service="http://127.0.0.1:8000" resourcePath="/snippets/{snippetId}/" methodName="3 1" xsi:type="con:RestRequestStep" xmlns:xsi="http://www.w3.org/2001/XMLSchema-instance"><con:restRequest name="UpdateCreatedSnippetPUTAuthSuccess" id="713c3ad4-4d18-4353-857a-2599676792dd" mediaType="application/json" postQueryString="false"><con:settings><con:setting id="com.eviware.soapui.impl.wsdl.WsdlRequest@request-headers">&lt;xml-fragment/></con:setting></con:settings><con:endpoint>http://127.0.0.1:8000</con:endpoint><con:request>{
	"title": "SnippetUpdatedWithPUTRequest", 
	"code": "bus.id=7"
}</con:request><con:originalUri>http://127.0.0.1/snippets/3/</con:originalUri><con:assertion type="Valid HTTP Status Codes" id="44322c11-aa05-4090-8e33-d3ad7036d02a" name="Valid HTTP Status Codes"><con:configuration><codes>200</codes></con:configuration></con:assertion><con:credentials><con:username>app_user1</con:username><con:password>app_user1</con:password><con:selectedAuthProfile>Basic</con:selectedAuthProfile><con:addedBasicAuthenticationTypes>Basic</con:addedBasicAuthenticationTypes><con:preemptive>true</con:preemptive><con:authType>Preemptive</con:authType></con:credentials><con:jmsConfig JMSDeliveryMode="PERSISTENT"/><con:jmsPropertyConfig/><con:parameters>
  <con:entry key="password" value="app_user2"/>
  <con:entry key="snippetId" value="61"/>
  <con:entry key="username" value="app_user2"/>
</con:parameters><con:parameterOrder><con:entry>snippetId</con:entry><con:entry>username</con:entry><con:entry>password</con:entry></con:parameterOrder></con:restRequest></con:config></con:testStep><con:testStep type="transfer" name="TransferSnippedIdToUpdatePATCH" id="925aa9b0-f9c9-4bd5-a710-483f97fe4bde"><con:settings/><con:config xsi:type="con:PropertyTransfersStep" xmlns:xsi="http://www.w3.org/2001/XMLSchema-instance"><con:transfers setNullOnMissingSource="true" transferTextContent="true" failOnError="true" ignoreEmpty="false" transferToAll="false" entitize="false" transferChildNodes="false"><con:name>snippetId</con:name><con:sourceType>Response</con:sourceType><con:sourceStep>GetSnippetByIdParameterized</con:sourceStep><con:sourcePath>$.id</con:sourcePath><con:targetType>snippetId</con:targetType><con:targetStep>UpdateCreatedSnippetPATCHRequest</con:targetStep><con:type>JSONPATH</con:type><con:targetTransferType>JSONPATH</con:targetTransferType><con:upgraded>true</con:upgraded></con:transfers></con:config></con:testStep><con:testStep type="restrequest" name="UpdateCreatedSnippetPATCHRequest" id="e99a864f-203d-4dea-b2fd-b7f9858f94bd"><con:settings/><con:config service="http://127.0.0.1:8000" resourcePath="/snippets/{snippetId}/" methodName="Snippets 1" xsi:type="con:RestRequestStep" xmlns:xsi="http://www.w3.org/2001/XMLSchema-instance"><con:restRequest name="UpdateCreatedSnippetPATCHRequest" id="5873b2ad-4313-4951-9ea7-509f440c5a14" mediaType="application/json" postQueryString="false"><con:settings><con:setting id="com.eviware.soapui.impl.wsdl.WsdlRequest@request-headers">&lt;xml-fragment/></con:setting></con:settings><con:endpoint>http://127.0.0.1:8000</con:endpoint><con:request>{
	"title": "SnippetUpdatedWithPATCHRequest"
}</con:request><con:originalUri>http://127.0.0.1/snippets/</con:originalUri><con:assertion type="Valid HTTP Status Codes" id="7706f42b-ab37-4778-983c-0a2497354a07" name="Valid HTTP Status Codes"><con:configuration><codes>200</codes></con:configuration></con:assertion><con:credentials><con:username>app_user1</con:username><con:password>app_user1</con:password><con:selectedAuthProfile>Basic</con:selectedAuthProfile><con:addedBasicAuthenticationTypes>Basic</con:addedBasicAuthenticationTypes><con:preemptive>true</con:preemptive><con:authType>Preemptive</con:authType></con:credentials><con:jmsConfig JMSDeliveryMode="PERSISTENT"/><con:jmsPropertyConfig/><con:parameters><entry key="snippetId" value="61" xmlns="http://eviware.com/soapui/config"/></con:parameters><con:parameterOrder><con:entry>snippetId</con:entry></con:parameterOrder></con:restRequest></con:config></con:testStep><con:testStep type="transfer" name="TransferSnippedIdToDELETERequest" id="a23fb91a-03c2-4cca-ad52-ad6f83328059"><con:settings/><con:config xsi:type="con:PropertyTransfersStep" xmlns:xsi="http://www.w3.org/2001/XMLSchema-instance"><con:transfers setNullOnMissingSource="true" transferTextContent="true" failOnError="true" ignoreEmpty="false" transferToAll="false" entitize="false" transferChildNodes="false"><con:name>snippetId</con:name><con:sourceType>Response</con:sourceType><con:sourceStep>UpdateCreatedSnippetPATCHRequest</con:sourceStep><con:sourcePath>$.id</con:sourcePath><con:targetType>snippetId</con:targetType><con:targetStep>DeleteCreatedSnippetDELETERequest</con:targetStep><con:type>JSONPATH</con:type><con:targetTransferType>JSONPATH</con:targetTransferType><con:upgraded>true</con:upgraded></con:transfers></con:config></con:testStep><con:testStep type="restrequest" name="DeleteCreatedSnippetDELETERequest" id="7c4c175c-eacd-4309-9ce6-381928ab8aaf"><con:settings/><con:config service="http://127.0.0.1:8000" resourcePath="/snippets/{snippetId}/" methodName="3 1" xsi:type="con:RestRequestStep" xmlns:xsi="http://www.w3.org/2001/XMLSchema-instance"><con:restRequest name="DeleteCreatedSnippetDELETERequest" id="713c3ad4-4d18-4353-857a-2599676792dd" mediaType="application/json" postQueryString="false"><con:settings><con:setting id="com.eviware.soapui.impl.wsdl.WsdlRequest@request-headers">&lt;xml-fragment/></con:setting></con:settings><con:endpoint>http://127.0.0.1:8000</con:endpoint><con:request/><con:originalUri>http://127.0.0.1/snippets/3/</con:originalUri><con:assertion type="Valid HTTP Status Codes" id="6e093cfc-e17d-4bcd-869e-c446ec9f9ef7" name="Valid HTTP Status Codes"><con:configuration><codes>204</codes></con:configuration></con:assertion><con:credentials><con:username>app_user1</con:username><con:password>app_user1</con:password><con:selectedAuthProfile>Basic</con:selectedAuthProfile><con:addedBasicAuthenticationTypes>Basic</con:addedBasicAuthenticationTypes><con:preemptive>true</con:preemptive><con:authType>Preemptive</con:authType></con:credentials><con:jmsConfig JMSDeliveryMode="PERSISTENT"/><con:jmsPropertyConfig/><con:parameters><entry key="snippetId" value="61" xmlns="http://eviware.com/soapui/config"/></con:parameters><con:parameterOrder><con:entry>snippetId</con:entry></con:parameterOrder></con:restRequest></con:config></con:testStep><con:testStep type="restrequest" name="GetSnippetsAfterDelete" id="b467838a-be57-45e3-bbc4-c28b851c0f65"><con:settings/><con:config service="http://127.0.0.1:8000" methodName="Snippets 1" resourcePath="/snippets/" xsi:type="con:RestRequestStep" xmlns:xsi="http://www.w3.org/2001/XMLSchema-instance"><con:restRequest name="GetSnippetsAfterDelete" id="ec3a6c3b-fbcd-4cf6-8380-be8082aa141c" mediaType="application/json"><con:settings><con:setting id="com.eviware.soapui.impl.wsdl.WsdlRequest@request-headers">&lt;xml-fragment/></con:setting></con:settings><con:encoding>UTF-8</con:encoding><con:endpoint>http://127.0.0.1:8000</con:endpoint><con:request/><con:originalUri>http://127.0.0.1/snippets/</con:originalUri><con:assertion type="JsonPath Count" id="60571a8e-0d47-4550-b344-927af02e9d45" name="JsonPath Count"><con:configuration><path>$.results</path><content>10</content><allowWildcards>false</allowWildcards><ignoreNamspaceDifferences>false</ignoreNamspaceDifferences><ignoreComments>false</ignoreComments></con:configuration></con:assertion><con:credentials><con:authType>No Authorization</con:authType></con:credentials><con:jmsConfig JMSDeliveryMode="PERSISTENT"/><con:jmsPropertyConfig/><con:parameters/></con:restRequest></con:config></con:testStep><con:testStep type="groovy" name="SaveSnippetCountAfterDelete" id="7079cee8-3906-4f79-a305-68b0140eecfb"><con:settings/><con:config><script>assert context.response, 'Response is empty or null'
def json = new groovy.json.JsonSlurper().parseText(context.response)
//Change the property name as needed
log.info json.count as String

testRunner.testCase.setPropertyValue("snippetCountAfterDelete", json.count as String)</script></con:config></con:testStep><con:testStep type="groovy" name="AssertSnippetCountBeforeCreateAfterDelete" id="9fd728ee-3a6e-44d3-9019-bae5092856e5"><con:settings/><con:config><script>assert context.response, 'Response is empty or null'

def snippetCountBeforeCreate = testRunner.testCase.getPropertyValue("snippetCountBeforeCreate") as Integer
def snippetCountAfterCreate= testRunner.testCase.getPropertyValue("snippetCountAfterCreate")   as Integer
def snippetCountAfterDelete = testRunner.testCase.getPropertyValue("snippetCountAfterDelete")  as Integer

assert snippetCountBeforeCreate == snippetCountAfterDelete
def numSnippetsDeleted = snippetCountAfterCreate - snippetCountAfterDelete
log.info 'numSnippetsDeleted =  '  + numSnippetsDeleted as String
assert  numSnippetsDeleted == 1</script></con:config></con:testStep><con:setupScript/><con:properties><con:property><con:name>username</con:name><con:value>app_user1</con:value></con:property><con:property><con:name>password</con:name><con:value>app_user1</con:value></con:property><con:property><con:name>snippetCountBeforeCreate</con:name><con:value>49</con:value></con:property><con:property><con:name>snippetCountAfterCreate</con:name><con:value>50</con:value></con:property><con:property><con:name>snippetCountAfterDelete</con:name><con:value>49</con:value></con:property><con:property><con:name>snippetId</con:name><con:value/></con:property></con:properties></con:testCase><con:properties><con:property><con:name>snippetCount</con:name><con:value/></con:property><con:property><con:name>snippetId</con:name><con:value/></con:property><con:property><con:name>snippetCountBeforeCreate</con:name><con:value/></con:property><con:property><con:name>snippetCountAfterCreate</con:name><con:value/></con:property><con:property><con:name>snippetCountAfterDelete</con:name><con:value/></con:property></con:properties></con:testSuite><con:properties/><con:wssContainer/><con:oAuth2ProfileContainer/><con:oAuth1ProfileContainer/><con:sensitiveInformation/></con:soapui-project>